id	archive_kind	resource_type	product	version	ref	commit	filename	sha256	primary_url	fallback_urls
jdk21-docs	zip	docs	OpenJDK	21.0.12	21.0.12+7	-	jdk-21.0.12_doc-all.zip	909e3c90eaeaf5f08162346bee6cb01402a2ff41e2c0cb593e06cde257b3012b	https://download.oracle.com/otn_software/java/jdk/21.0.12%2B7/2da8a586119d4c35b4216c1266808e45/jdk-21.0.12_doc-all.zip	-
poi-core-javadoc	jar	docs	Apache POI	5.4.1	5.4.1	-	poi-5.4.1-javadoc.jar	77bb61d942446d7787e65a184fa5a2b068e9521ba3d5da8bbf63c5c3a937a091	https://repo1.maven.org/maven2/org/apache/poi/poi/5.4.1/poi-5.4.1-javadoc.jar	https://repo.maven.apache.org/maven2/org/apache/poi/poi/5.4.1/poi-5.4.1-javadoc.jar
poi-core-sources	jar	source	Apache POI	5.4.1	5.4.1	-	poi-5.4.1-sources.jar	bbe7efbfdfce53dd08ed7865ecae9755ea4bf13288e0e6390322f78b34c99a24	https://repo1.maven.org/maven2/org/apache/poi/poi/5.4.1/poi-5.4.1-sources.jar	https://repo.maven.apache.org/maven2/org/apache/poi/poi/5.4.1/poi-5.4.1-sources.jar
poi-ooxml-javadoc	jar	docs	Apache POI	5.4.1	5.4.1	-	poi-ooxml-5.4.1-javadoc.jar	7e06f8287add5f753e38e6edff4eaa64d57473e3bfecd2f33e3356b41bc96347	https://repo1.maven.org/maven2/org/apache/poi/poi-ooxml/5.4.1/poi-ooxml-5.4.1-javadoc.jar	https://repo.maven.apache.org/maven2/org/apache/poi/poi-ooxml/5.4.1/poi-ooxml-5.4.1-javadoc.jar
poi-ooxml-sources	jar	source	Apache POI	5.4.1	5.4.1	-	poi-ooxml-5.4.1-sources.jar	58296c1f2429009f5083bacd61a5f9ef211528cf17a18c74c819acfa4e512d78	https://repo1.maven.org/maven2/org/apache/poi/poi-ooxml/5.4.1/poi-ooxml-5.4.1-sources.jar	https://repo.maven.apache.org/maven2/org/apache/poi/poi-ooxml/5.4.1/poi-ooxml-5.4.1-sources.jar
ecma376-part1	zip	spec	ECMA-376	5th-edition	part1-2016	-	ECMA-376-1_5th_edition_december_2016.zip	9d0bcad9cf06054785b03762fcfadbf6bab7e54a5f9d69434e34b7fd464d4129	https://ecma-international.org/wp-content/uploads/ECMA-376-1_5th_edition_december_2016.zip	-
ecma376-part2	zip	spec	ECMA-376	5th-edition	part2-2021	-	ECMA-376-2_5th_edition_december_2021.zip	1d489dc491168ea1f9e9a59063acc8dd5f02b4ad1d21aa7ec19ba9a58d020c70	https://ecma-international.org/wp-content/uploads/ECMA-376-2_5th_edition_december_2021.zip	-
ecma376-part3	zip	spec	ECMA-376	5th-edition	part3-2015	-	ECMA-376-3_5th_edition_december_2015.zip	42294159fbbbe9393ccadac95b859d7729cc68d908898bcbe31034dda059daa8	https://ecma-international.org/wp-content/uploads/ECMA-376-3_5th_edition_december_2015.zip	-
ecma376-part4	zip	spec	ECMA-376	5th-edition	part4-2016	-	ECMA-376-4_5th_edition_december_2016.zip	bd25da1109f73762356596918bf5ff8b74a1331642dba5f1c1d1dfc6bed34ecd	https://ecma-international.org/wp-content/uploads/ECMA-376-4_5th_edition_december_2016.zip	-
